Year,Group,Theme,Placement,Songs,YouTube_Link
1953,Athenians,,2nd,,
1953,Freshman Class,,3rd,,
1953,Peer Club,,1st,,
1970,Kappa Omega Tau,Magic,1st,,https://www.youtube.com/watch?v=1SEWj3_hzNQ
1971,Kappa Omega Tau,Save The People,1st,,https://www.youtube.com/watch?v=pr4fC5Di_EE
1972,Kappa Omega Tau,Puppet Man,1st,,https://www.youtube.com/watch?v=nXkbomC_vgk
1973,Kappa Omega Tau,Lonely Hearts Club,Participated,Hey Jude,https://www.youtube.com/watch?v=DKmgcxOqa6k
1973,Phi Kappa Alpha,Sgt. Pepper's Make Your Own Kind of Music Down by the Bandstand Smiling Singing Band,1st,,
1975,Kappa Omega Tau,Something Coming Up,1st,,
1976,Kappa Omega Tau,Losing my Blues to the Inner City Rhythm,1st,,
1977,Sigma Tau Gamma,Damn Yankees,Pigskin,,
1978,Sigma Tau Gamma,Rise Again,5th,,
1979,Delta Delta Delta,Singing to Victory with the USO,3rd (tie),,
1979,Zeta Tau Alpha,You've Come a Long Way Lady,Participated,,
1980,Chamber of Commerce,After Hours,1st,,
1980,Zeta Tau Alpha,On the Sunny Side of the Street,Participated,,
1981,Zeta Tau Alpha,Roarin' Happy Times,Pigskin,,
1982,Zeta Tau Alpha,Rockin' Down the Highway,Participated,,
1983,Zeta Tau Alpha,Streetlife Serenade,Pigskin (6th),,
1984,Sigma Chi,Basement Full of Blues,1st,,https://www.youtube.com/watch?v=nerxPfwF1IQ
1985,Kappa Omega Tau,Just Another Cotton-Pickin Day,1st,,
1985,Zeta Tau Alpha,Go Into Your Dance,Pigskin,,
1986,Kappa Omega Tau,We Got To Try,1st,,
1986,Zeta Tau Alpha,Route 66,Pigskin (2nd),,
1987,Kappa Omega Tau,A Midsummer Knight's Dream,Pigskin,,
1987,Zeta Tau Alpha,Pages Out of Time,Pigskin (1st),,https://www.youtube.com/watch?v=vcRypqUnP6I
1988,Kappa Omega Tau,"Long, Long Way From Home",Pigskin,,https://www.youtube.com/watch?v=SwOegAfO0wQ
1988,Zeta Tau Alpha,Back to Paradise,Participated,(I've Had) The Time of My Life,https://www.youtube.com/watch?v=iDjpgeh2KoY
1989,Kappa Omega Tau,I Want You Back,Pigskin,,https://www.youtube.com/watch?v=fHqufkH98xA
1989,Zeta Tau Alpha,The Company B Boogie (USO),Pigskin,,https://www.youtube.com/watch?v=5YTyHduVEp8
1990,Kappa Omega Tau,Higher Love,1st,,https://www.youtube.com/watch?v=gRm8lIEzONQ
1990,Pi Beta Phi,I Ought to be in the Pictures,Participated,Singin' in the Rain,https://www.youtube.com/watch?v=CaRjgTxEuus
1992,Kappa Omega Tau,Showdown At Sundown,1st,,https://www.youtube.com/watch?v=2B55kpx00Bk
1993,Kappa Omega Tau,,3rd,,https://www.youtube.com/watch?v=EOjpaJl0c4U
1993,Phi Gamma Delta,,1st,,https://www.youtube.com/watch?v=NUxThGHghII
1993,Phi Kappa Chi,,2nd,,https://www.youtube.com/watch?v=espJkISTgBE
1994,Phi Gamma Delta,,1st,,https://www.youtube.com/watch?v=G4TsivSc1t0
1994,Phi Kappa Chi,,2nd,,https://www.youtube.com/watch?v=RljJ93HuD80
1995,Phi Gamma Delta,,1st,,https://www.youtube.com/watch?v=61qWVaLiFTw
1995,Phi Kappa Chi,,2nd,,https://www.youtube.com/watch?v=guFqKGOPems
1996,Kappa Alpha Theta,All in a Day's Work,Pigskin,,https://www.youtube.com/watch?v=mVfwW809-kI
1996,Phi Gamma Delta,,1st,,https://www.youtube.com/watch?v=FzXiwl9bolo
1997,Kappa Omega Tau,Last Reville,1st,,https://www.youtube.com/watch?v=cpLe27_LW5E
1997,Zeta Tau Alpha,The Power of a Dream,Pigskin,,https://www.youtube.com/watch?v=UKwM_nS3g2Y
1998,Kappa Omega Tau,Thunder at Dawn,1st,,https://www.youtube.com/watch?v=A0WI2S18Xx0
1999,Chi Omega,,1st,,
1999,Zeta Tau Alpha,Titanic Ship of Dreams,Pigskin,,https://www.youtube.com/watch?v=-Fwsdv6wF0c
2000,Kappa Omega Tau,1849,1st,,https://www.youtube.com/watch?v=MkByJ-sAFFA
2000,Zeta Tau Alpha,Grand Hotel,Pigskin,,https://www.youtube.com/watch?v=MyLyB7B_ll0
2002,Chi Omega,,Pigskin,,https://www.youtube.com/watch?v=4ZyDqOl0vss
2002,Delta Delta Delta,Ease on Down the Road,1st,,https://www.youtube.com/watch?v=EobT-LRJqNs
2002,Kappa Alpha Theta,Greasy Spoon,2nd,,https://www.youtube.com/watch?v=mMIG_kQEogU
2002,Kappa Kappa Gamma,Let the Good Times Roll,3rd,,https://www.youtube.com/watch?v=XoMOxx3L-3U
2002,Kappa Omega Tau,,Pigskin,,https://www.youtube.com/watch?v=8mrZO1yuEkE
2002,Kappa Sigma,,Pigskin,,https://www.youtube.com/watch?v=pue0eDkWteA
2002,Pi Beta Phi,,Pigskin,,https://www.youtube.com/watch?v=vQogvhdV6_Y
2003,Kappa Kappa Gamma & Kappa Sigma,On the Bayou Ball,Participated,,https://www.youtube.com/watch?v=u_njrFuNqME
2003,Kappa Omega Tau,Boone County,1st,,https://www.youtube.com/watch?v=l_73XTCQvY0
2004,Phi Kappa Chi,Free At Last,1st,,https://www.youtube.com/watch?v=s0Lc1V4SxG8
2005,Alpha Tau Omega & Kappa Chi Alpha,I Love the 80's,2nd,,https://www.youtube.com/watch?v=gn-TxS2aiW4
2005,Delta Delta Delta,Gimme That Country Side,1st,,https://www.youtube.com/watch?v=b9HiHXTckCs
2005,Kappa Alpha Theta,Let the Good Times Roll,3rd,,https://www.youtube.com/watch?v=3MM0Mk6-hzg
2006,Kappa Kappa Gamma,Meet Me At The Fair,Participated,,https://www.youtube.com/watch?v=kd1UqF84CrQ
2006,Kappa Omega Tau,Up The Ladder,1st,,https://www.youtube.com/watch?v=IUssBkaiI_A
2006,Sing Alliance,,Pigskin,,https://www.youtube.com/watch?v=1fhhCbOa0nQ
2007,Delta Delta Delta,It's a Small World,1st (tie),,https://www.youtube.com/watch?v=C79fkxuk4yM
2007,Kappa Kappa Gamma,Dear Old Golden Rule Days,3rd,,https://www.youtube.com/watch?v=1fVvcrg0qRo
2007,Kappa Sigma,Taking Out The Trash,1st (tie),,https://www.youtube.com/watch?v=Nk0rZ6OxOgc
2007,Sing Alliance,,Pigskin,,https://www.youtube.com/watch?v=ZFF34Jf5VqU
2008,Kappa Kappa Gamma & Kappa Sigma,On the Town,1st,,https://www.youtube.com/watch?v=Tyh3V-auTlE
2008,Kappa Omega Tau,From the Bayou to the Big Easy,2nd,,https://www.youtube.com/watch?v=efLbh3-FqCE
2009,Alpha Tau Omega,Heroes and Villains,Participated,,https://www.youtube.com/watch?v=kjvpQNJ3Jwc
2009,Kappa Omega Tau,Steppin' to the Badside,2nd,,https://www.youtube.com/watch?v=-cCqwTaJ6XM
2009,Sing Alliance,A Latte Love,3rd,,https://www.youtube.com/watch?v=4vN6miQoTyw
2010,Kappa Omega Tau,The Toys are Back in Town,1st,,https://www.youtube.com/watch?v=DKcy-IAlzwI
2010,Sing Alliance,A News Sensation,3rd,,https://www.youtube.com/watch?v=Zi_0YvkzHjo
2011,Alpha Tau Omega,,Pigskin,,https://www.youtube.com/watch?v=jCbSMChIIEk
2011,Chi Omega & Phi Kappa Chi,,Pigskin,,https://www.youtube.com/watch?v=Htfq0ZVOffg
2011,Delta Delta Delta,,3rd,,https://www.youtube.com/watch?v=QXgfMW2DlPI
2011,Kappa Alpha Theta,,Pigskin,,https://www.youtube.com/watch?v=6JRo6OQ6SKQ
2011,Kappa Kappa Gamma,Who's Afraid of the Big Bad Wolf?,Pigskin,Mercy (Duffy); Be OK (Ingrid Michaelson),https://www.youtube.com/watch?v=EvweDorN2VU
2011,Kappa Omega Tau,The Show Must Go On,2nd,,https://www.youtube.com/watch?v=vwWi3n5K6gA
2011,Kappa Sigma,Playin' Around at the Playground,Pigskin,Come Play Away,https://www.youtube.com/watch?v=-w7g0Cq9-Hw
2011,Pi Beta Phi,"Welcome to Your 80's, Ladies",1st,,https://www.youtube.com/watch?v=wxDYlo1UP4I
2012,Alpha Chi Omega,Juke Box Heroes,Pigskin,Livin' On a Prayer,https://www.youtube.com/watch?v=xMp5-TV8rUM
2012,Chi Omega,,Pigskin,,https://www.youtube.com/watch?v=ilNK35mtYXE
2012,Delta Delta Delta & Alpha Tau Omega,,3rd,,https://www.youtube.com/watch?v=3Qm4ojJEW6Q
2012,Kappa Kappa Gamma & Kappa Sigma,,1st,,https://www.youtube.com/watch?v=e-NBM3jhBn8
2012,Kappa Omega Tau,Standing Small,2nd,,https://www.youtube.com/watch?v=OpaAcPkePLI
2012,Phi Gamma Delta,,Pigskin,,https://www.youtube.com/watch?v=9VN77_Ejx3I
2012,Phi Kappa Chi,,Pigskin,,https://www.youtube.com/watch?v=_rXUGVQShtU
2012,Pi Beta Phi,,Pigskin,,https://www.youtube.com/watch?v=5mrufNSLfmI
2013,Alpha Tau Omega,,Pigskin,,
2013,Chi Omega & Phi Gamma Delta,,Pigskin,,https://www.youtube.com/watch?v=4laIgP334Gw
2013,Kappa Omega Tau,Ghosts Call,1st,,https://www.youtube.com/watch?v=rCeZDYldESw
2013,Kappa Sigma,United We Stand,1st (tie),,https://www.youtube.com/watch?v=begugKVS9-o
2013,Phi Kappa Chi,,3rd,,
2013,Pi Beta Phi,,Pigskin,,https://www.youtube.com/watch?v=dlZwPUEeQ-g
2013,Sing Alliance,,Pigskin,,https://www.youtube.com/watch?v=1CJUvkdInzU
2013,Zeta Tau Alpha,Old Familiar Places,Pigskin,,https://www.youtube.com/watch?v=elolIhvnC90
2014,Alpha Chi Omega,,Pigskin,,https://www.youtube.com/watch?v=XzUW3uGJlIY
2014,Alpha Tau Omega,,3rd,,
2014,Delta Delta Delta,Take Me to the Pyramids,2nd,,https://www.youtube.com/watch?v=wbdccHtFIY0
2014,Kappa Alpha Theta,,Pigskin,,https://www.youtube.com/watch?v=VbuYgSYmqgo
2014,Kappa Kappa Gamma,,Pigskin,,https://www.youtube.com/watch?v=uL1TPc2RlSo
2014,Kappa Omega Tau,The Battle Within,1st,,https://www.youtube.com/watch?v=rMSh9wd_u28
2014,Kappa Sigma,,Pigskin,,https://www.youtube.com/watch?v=3rt0JW_ePWI
2014,Pi Beta Phi & Phi Kappa Chi,,Pigskin,,https://www.youtube.com/watch?v=JJcU7tSVDVA
2015,Alpha Tau Omega,Into the Darkness,Pigskin,,https://www.youtube.com/watch?v=KVwyKEr2vVo
2015,Chi Omega,,Pigskin,,https://www.youtube.com/watch?v=8U0aTEik0Uc
2015,Delta Delta Delta,One Short Day,Pigskin,,https://www.youtube.com/watch?v=jR2YBYnN_lU
2015,Kappa Kappa Gamma,,Pigskin,,https://www.youtube.com/watch?v=6IfelmG_qB8
2015,Kappa Omega Tau,The Grand Hotel,2nd,,https://www.youtube.com/watch?v=Z2yfMnlnoqs
2015,Kappa Sigma,,Pigskin,,https://www.youtube.com/watch?v=k2wmAIyTgqE
2015,Phi Kappa Chi,Dust Bowl Days,1st,,https://www.youtube.com/watch?v=nRjHFQCsJio
2015,Pi Beta Phi,Back in the Habit,3rd,,https://www.youtube.com/watch?v=9tlg_moaJ9c
2016,Alpha Chi Omega,The Alpha Chi Coal Mining Company,Pigskin,,https://www.youtube.com/watch?v=OPGkg3lnqfA
2016,Alpha Delta Pi,Keep on Survivin',Participated,,https://www.youtube.com/watch?v=aCBuEW0Adys
2016,Alpha Tau Omega,The King of Promise,Participated,,
2016,Baylor Chamber of Commerce,Time for the Show,Participated,,
2016,Beta Theta Pi,Derailed,Participated,,
2016,Chi Omega,Lunch Lady Land,3rd,,https://www.youtube.com/watch?v=NVQjMvcvh5U
2016,Delta Delta Delta,Can You Dig It?,Pigskin,,https://www.youtube.com/watch?v=SNr4sV7lOmc
2016,Delta Tau Delta,Lost in the Jungle,Participated,Tarzan (Disney),
2016,Kappa Alpha Theta & Sigma Chi,"Sincerely Yours, Thetasig",Participated,,https://www.youtube.com/watch?v=5xBIQMS8GZ8
2016,Kappa Chi Alpha & Beta Upsilon Chi,Wonderful World,Participated,What a Wonderful World,
2016,Kappa Kappa Gamma & Kappa Sigma,Come Dance With Me,Pigskin,,https://www.youtube.com/watch?v=ChUw38yJtNY
2016,Kappa Omega Tau,Setting Sail,2nd,,https://www.youtube.com/watch?v=n2DQm5frdEM
2016,Phi Gamma Delta,The Dance of the Dead,Participated,Thriller (Michael Jackson),https://www.youtube.com/watch?v=SBASYTvaDFo
2016,Phi Kappa Chi,Workin' on a Building,Pigskin,,https://www.youtube.com/watch?v=aLn0XWq9c4g
2016,Pi Beta Phi,Meet Me in Ze Alps,1st,,https://www.youtube.com/watch?v=8UxRSiqn4IU
2016,Pi Kappa Phi,The Lost City,Participated,,https://www.youtube.com/watch?v=jwUOOWd1IIg
2016,Sing Alliance,Two Tickets Please,Participated,,https://www.youtube.com/watch?v=v2U4PYoX5zg
2016,Zeta Tau Alpha,We Have Awoken,Pigskin,Chandelier (Sia),https://www.youtube.com/watch?v=x0ryNq3AUSw
2017,Alpha Chi Omega & Pi Kappa Phi,,Pigskin,,
2017,Alpha Delta Pi,Swan's Shadow,Participated,,https://www.youtube.com/watch?v=z8tAPF64jRY
2017,Beta Theta Pi,Raiders of the Lost Act,Participated,,
2017,Chi Omega,Ice Ice Baby,3rd,,https://www.youtube.com/watch?v=vjZGQbUNoVU
2017,Delta Delta Delta,,Pigskin,,
2017,Delta Tau Delta,Firefighters,Participated,,https://www.youtube.com/watch?v=0W6SPTI4Xtg
2017,Kappa Alpha Theta,,Pigskin,,https://www.youtube.com/watch?v=cotzEHV_SiY
2017,Kappa Chi Alpha,How To Save a Life,Participated,,
2017,Kappa Kappa Gamma,,Pigskin,,https://www.youtube.com/watch?v=WeOqZpeB_o8
2017,Kappa Omega Tau,Bein' Green,1st,,https://www.youtube.com/watch?v=3wJgfL-nmps
2017,Kappa Sigma,Lewis & Clark: The Corps of Discovery,Participated,,https://www.youtube.com/watch?v=uAmrbj0fU1s
2017,Phi Gamma Delta,To Lands Beyond,Participated,,
2017,Phi Kappa Chi,Fool's Gold,2nd,,https://www.youtube.com/watch?v=fT910P1uzOM
2017,Pi Beta Phi,,Pigskin,,https://www.youtube.com/watch?v=3FQPWqLPch4
2017,Sigma Chi,Bear Bucks,Participated,,https://www.youtube.com/watch?v=YkGwXi71g08
2017,Sing Alliance,Piece by Piece,Participated,,https://www.youtube.com/watch?v=NZcoXPgLaWA
2017,Zeta Tau Alpha,Can You Hear the Bells?,Participated,,https://www.youtube.com/watch?v=svkPhXWrSzM
2018,Alpha Chi Omega,Sky Full of Stars,Participated,,https://www.youtube.com/watch?v=77AUpHrQxC0
2018,Alpha Delta Pi,When Life Gives You Lemons,Participated,,https://www.youtube.com/watch?v=cpJybIFIeTY
2018,Alpha Tau Omega,Life Ain't Half Dad,Pigskin,,https://www.youtube.com/watch?v=HRlR8_uLDng
2018,Beta Theta Pi,Beta Our Guest,Participated,,
2018,Chi Omega,Shiny Teeth and Me,Pigskin,,https://www.youtube.com/watch?v=WBAX4hz0clM
2018,Delta Delta Delta,Back to Our Roots,3rd,,
2018,Delta Tau Delta,Wizard School,Participated,,
2018,Kappa Alpha Theta,Alley Cats,Pigskin,,https://www.youtube.com/watch?v=57Q-E6Cfw5M
2018,Kappa Chi Alpha,Singing in the Rain,Participated,,https://www.youtube.com/watch?v=ez-H5-dd4Kc
2018,Kappa Kappa Gamma,Workin' at the Carwash,2nd,,https://www.youtube.com/watch?v=kWKEzFr_7pI
2018,Kappa Omega Tau,Sweet Dreams,Pigskin,,https://www.youtube.com/watch?v=9pzwq97WmW0
2018,Phi Gamma Delta,Foos'n Around,Pigskin,,https://www.youtube.com/watch?v=5bCxb2GEYFk
2018,Pi Beta Phi & Phi Kappa Chi,The Tortoise and the Hare,1st,,https://www.youtube.com/watch?v=rgn-GBYgS88
2018,Pi Kappa Phi,Greasers,Participated,,https://www.youtube.com/watch?v=w_yupBpLI9c
2018,Sigma Chi,Texas Revolution,Participated,,https://www.youtube.com/watch?v=__crPAGHkuE
2018,Sing Alliance,Sweatin' With Sing Alliance,Participated,,https://www.youtube.com/watch?v=ZeX9-HYnBTw
2018,Zeta Tau Alpha,Desktop Daydream,Participated,,https://www.youtube.com/watch?v=mTnpZ-ts5P8
2019,Alpha Chi Omega,Soap Opera,Participated,,https://www.youtube.com/watch?v=0p1pqwOVZqU
2019,Alpha Delta Pi,Coming to You Live from ADPI,Participated,Good Morning Baltimore; Shut Up and Drive (Rihanna),https://www.youtube.com/watch?v=1g9_46U7ksM
2019,Beta Theta Pi,Jurassic Waco,Participated,,
2019,Beta Upsilon Chi,Batter Up!,Participated,The Star Spangled Banner,
2019,Chi Omega,Can't Stop the Bees,2nd,Honey Honey (ABBA),https://www.youtube.com/watch?v=ygfyCHHIiYs
2019,Delta Delta Delta & Alpha Tau Omega,Rockin' New Year's Eve,Pigskin,,https://www.youtube.com/watch?v=Xj7-gb_-rDA
2019,Delta Tau Delta,Deltwatch,Participated,,
2019,Kappa Alpha Theta,Where Ewe Lead,Participated,,https://www.youtube.com/watch?v=pryctqYdnxg
2019,Kappa Chi Alpha,Home Sweet Home,3rd,,https://www.youtube.com/watch?v=ySWFwosA5sk
2019,Kappa Kappa Gamma,Kappa Air,Pigskin,,https://www.youtube.com/watch?v=lVMlZFR7wiU
2019,Kappa Omega Tau,The Night Before Christmas,1st,Look Down (Les Misérables),https://www.youtube.com/watch?v=jZyLLd9moE0
2019,Kappa Sigma,Finding Bigfoot,Pigskin,Kill the Beast,https://www.youtube.com/watch?v=pCyBtcRhEY4
2019,Phi Gamma Delta,Phi Gam's Island,Participated,Gilligan's Island Theme,
2019,Phi Kappa Chi,The New Kid on the Block,Pigskin,,https://www.youtube.com/watch?v=xUkeSEjIhIo
2019,Pi Beta Phi,Tick Tock Cuckoo Clock,Participated,,
2019,Pi Kappa Phi,Galactic Slam,Participated,Uprising (Muse),
2019,Sigma Chi,Time Warp,Participated,,https://www.youtube.com/watch?v=R447-0xkhyE
2019,Sing Alliance,Framed,Participated,,https://www.youtube.com/watch?v=Usq-tks8bHg
2019,Zeta Tau Alpha,Livin' La Vida Mocha,Pigskin,That's Not My Name (The Ting Tings),https://www.youtube.com/watch?v=EMGF2lRx0qs
2020,Alpha Chi Omega,The Ghouls Next Door,Participated,,https://www.youtube.com/watch?v=t5ryZ96qgqE
2020,Alpha Delta Pi,Wonderland: A Change of Heart,Participated,,https://www.youtube.com/watch?v=juPPB8moQEY
2020,Alpha Tau Omega,A Lumberjack Soundtrack,Participated,,https://www.youtube.com/watch?v=vR99DeC6riw
2020,Beta Upsilon Chi,Full Throttle,Participated,,
2020,Chi Omega,Maid to Mooove,Participated,,https://www.youtube.com/watch?v=PS47_1t5eIU
2020,Delta Delta Delta,"Starlight, Star Bright",Participated,Hey Now,
2020,Delta Tau Delta,Delt Jailbreak,Participated,,https://www.youtube.com/watch?v=XedDltLP8dA
2020,Kappa Alpha Theta,The Secret Life of Kats and Dogs,Participated,,https://www.youtube.com/watch?v=2gTpTvMfT1w
2020,Kappa Chi Alpha,Are We There Yet?,Participated,Phineas and Ferb Theme; I Want Candy,https://www.youtube.com/watch?v=CJbWPlbGCU4
2020,Kappa Kappa Gamma & Kappa Sigma,The Ship of Dreams,1st,Beyond the Sea,https://www.youtube.com/watch?v=ylvHyZUpvfc
2020,Kappa Omega Tau,The Magic of Mardi Gras,Participated,High Hopes; The Greatest Show,https://www.youtube.com/watch?v=W8zSpJv3xKU
2020,Multicultural Alliance,Baylor Homecoming: Another Side,Participated,Lose You to Love Me,
2020,Phi Gamma Delta,Movers and Groovers,Participated,,https://www.youtube.com/watch?v=-xmuOyfe1R4
2020,Phi Kappa Chi,So Tied Up,2nd,,https://www.youtube.com/watch?v=A-rVHJt4cPw
2020,Pi Beta Phi,Meet the Phlinstones,Participated,,https://www.youtube.com/watch?v=aVQO7v7o4L4
2020,Sigma Alpha Epsilon & Alpha Phi,Saphi Can Do It!,Participated,I Need Somebody; Woman Up,https://www.youtube.com/watch?v=sml1AAMd6cs
2020,Sing Alliance,Stupid Cupid,3rd,,https://www.youtube.com/watch?v=4_a4hd9m6ow
2020,Zeta Tau Alpha,Ring by Sing,Participated,,https://www.youtube.com/watch?v=hCR7xhE5l4o
2022,Alpha Phi,Magic in Phi,Pigskin,Bibbidi Bobbidi Boo (Helena Bonham Carter); Gimme Gimme Gimme (ABBA); Magic (Selena Gomez); Magic (B.o.B.); Oops I Did it Again (Britney Spears); Working for the Weekend (Loverboy),https://www.youtube.com/watch?v=dzWISPniVac
2022,Alpha Tau Omega,,Pigskin,All My Rowdy Friends are Coming Over Tonight (Hank Williams Jr.); Hey Brother (Avicii); I'll Fly Away (The Dillards); I'll Make A Man Out of You (Donny Osmond); Lost Boy (Ruth B); Second Star to the Right (Jonatha Brook); Wild Ones (Flo Rida),https://www.youtube.com/watch?v=759-rElG1Sk
2022,Chi Omega,Taken for Granite,Pigskin,All By Myself (Celine Dion); Bohemian Rhapsody (Queen); Edge of Seventeen (Stevie Nicks); Feel Again (OneRepublic); I Will Survive (Gloria Gaynor); Staying Alive (Lizzo); Welcome to the 60's (The Hit Crew),https://www.youtube.com/watch?v=rL69MevJPmo
2022,Delta Delta Delta,We Got the Reef,2nd,Holding out for a Hero (Bonnie Tyler); Hooked on a Feeling (Blue Swede); How Far I'll Go (Reprise) (Auli'I Cravalho); Rock Lobster (The B-52's); Run The World (Girls) (Beyonce); We Got the Beat (The Go-Go's),https://www.youtube.com/watch?v=O3V0f5tzjsM
2022,Kappa Kappa Gamma,Dine 'n Dance,3rd,At the Hop (Danny and the Juniors); Crusin' for a Brusin' (Ross Lynch and Grace Phipps); Rock this Town (Brian Setzer); This Cat's on a Hot Tin Roof (The Brian Setzer Orchestra); We Go Together (Sugar Factory Singers); Wild Child (Lee Rocker),https://www.youtube.com/watch?v=5LLfqgO1kBQ
2022,Kappa Omega Tau,It's a Gnome's World,1st,I Can't Get No Satisfaction (The Rolling Stones); It's  Man's Man's Man's World (James Brown); Rapper's Delight (The Sugarhill Gang); Respect (Aretha Franklin); Superstition (Stevie Wonder); That's Just the Way We Roll (Jonas Brothers),https://www.youtube.com/watch?v=qb88KZ9KKXk
2022,Kappa Sigma,,Pigskin,Come With me Now (Kongos); Give up the Funk (Parliament); Old Time Rock and Roll (Bob Seger); Play Something Country (Brooks and Dunn); Rock with You (Michael Jackson); These Will Be the Good Old Days (Twenty Years From Now) (Judy Holliday); Uptown Funk (Bruno Mars),https://www.youtube.com/watch?v=1pM7l9Xbrg4
2022,Pi Beta Phi & Phi Kappa Chi,,Pigskin,Dig it (D-Tent Boys); Finesse (Bruno Mars); Greedy (Ariana Grande); Like I Can (Sam Smith); You are my Vision (Rend Connect),https://www.youtube.com/watch?v=27pMkpmydWk
2022,Zeta Tau Alpha,All the Birds of a Feather,Participated,,https://www.youtube.com/watch?v=Yxdp_7J8MsA
2023,Alpha Chi Omega,,Participated,You Make My Dreams (Come True) (Hall & Oates); ...Ready for It? (Taylor Swift); Little Girls (Criminals) (Cast of Annie the Musical); Save The City (Hawkeye Vol. 2); I'm a Believer (Bowling for Soup); Call Me (Blondie),https://www.youtube.com/watch?v=fPiMdKBZpG0
2023,Alpha Delta Pi,I30-pi,Participated,Shut Up and Drive (Rihanna); Fire Burning (Sean Kingston); Dance of the Little Swans (Tchaikovsky); You'll Always Find Your Way Back Home (Hannah Montana); Hard Working Man (Brooks & Dunn); Workin on the Highway (Bruce Springsteen); Take on Me (Ha),https://www.youtube.com/watch?v=2-D0uJrKrv0
2023,Alpha Phi,Hotel Phiasco!,Participated,Zack and Cody Theme Song (Cast of Suite Life of Zack and Cody); Celebration (Kool and the Gang); You Make Me Feel (Cobra Starship); Dancing in the Kitchen (Tim Kubart); Big Girls Don't Cry (Fergie); Mr. Lonely (Akon); Feel it Still (Portugal. The Man); Be Our Guest (Disney),https://www.youtube.com/watch?v=zT0ILvdYalg
2023,Beta Theta Pi,Man Or Mathlete,Participated,Fantasy (Mariah Carey); Changes (David Bowie); All-Star (Smash Mouth); You Belong with Me (Taylor Swift); I Won't Say (I'm in Love) (Disney / Hercules Cast); Man or a Muppet (Muppets Cast); Want U Back (Cher Lloyd),https://www.youtube.com/watch?v=7Xtathu4KsE
2023,Chi Omega & Alpha Tau Omega,A Day at the Derby,1st,"Somethings Got a Hold on Me (Christina Aguilera); Sharp Dressed Man (ZZ Top); Oh, Pretty Woman (Roy Orbison); Johnny B. Goode (Chuck Berry); Come on Eileen (Dexys Midnight Runners); 24K Magic (Bruno Mars); Rockin’ on Top of the World (Steven Tyler)",https://www.youtube.com/watch?v=BtkhzXsmZos
2023,Delta Delta Delta,Delta Motor Speedway,Pigskin,Real Gone (Sheryl Crow); R.O.C.K. in the USA (John Mellencamp); DAnger Zone (Kenny Loggins); Rolling in the Deep (Adele); Don't Stop Me Now (Queen); Good to be Alive (Hallelujah) (Andy Grammar),https://www.youtube.com/watch?v=-zvoU_Pou7c
2023,Delta Tau Delta,Under the Big Top,Participated,"Jungle (X Ambassadors); Circus (Britney Spears); Entrance of the Gladiators (Julius Fučík); Welcome to the Party (Diplo, French Montana, Lil Pump); Forget You (Cee Lo Green); Leave a Light On (Tom Walker); Rocket Man (Elton John); Show Goes On (Lupe Fiasco)",https://www.youtube.com/watch?v=jqlXH4j0C0w
2023,Kappa Alpha Theta,,Participated,Baba O-Riley (The Who); Ready or Not (The Delfonics); Everybody Wants to Rule the World (Tears for Fears); Whatever it Takes (Imagine Dragons); Running Up That Hill (Kate Bush); Sorry Not Sorry (Demi Lovato); Blinding Lights (The Weeknd); Rather Be (Clean Bandit),https://www.youtube.com/watch?v=u9tVmuhApQo
2023,Kappa Chi Alpha,,Participated,Chim-Chim-er-Ree (East Wind) (Saving Mr. Banks); Takin' Care of Business (Bachman-Turner Overdrive); I Ain't Worried (One Republic); I Want You Back (The Jackson 5); One Way or Another (Blondie); Spoonful of Sugar (Mary Poppins Musical Cover); Any Way You Want It (Journey); Supercalifragilistic (The Hit rew),
2023,Kappa Kappa Gamma,Kappa HQ,Pigskin,Welcome to the Working Week (Elvis Costello); Manic Monday (The Bangles); A Hard Day's Night (The Beatles); Livin' on a Prayer (Bon Jovi); She Works for the Money (Donna Summer); Walkin' on Sunshine (Katrina & the Waves),https://www.youtube.com/watch?v=GKhwRxRBqlE
2023,Kappa Omega Tau,Against All Oz,Pigskin,"Feeling Good (Michael Buble); Bright Lights, Bigger City (Cee Lo Green); Fortunate Son (Creedence Clearwater Revival); Do I Wanna Know? (Arctic Monkeys); Glory (John Legend (From Motion Picture Selma)); Cold as Ice (Foreigner); Freedom 90' (George Michael)",https://www.youtube.com/watch?v=cqgDSEWCaac
2023,Kappa Sigma,,Participated,Suit & Jacket (Judah & the Lion); Born to Run (American Authors); Mountain Sound (Monsters & Men); Spirit (Judah & the Lion); Bring it on Home (American Authors),
2023,Phi Gamma Delta,,Participated,Start Me Up (The Rolling Stones); Blitzkreig Bop (The Ramones); Hey Ya! (The OutKast); Footloose (Kenny Loggins); We are Young (Fun.),https://www.youtube.com/watch?v=naAk_rHByeY
2023,Phi Kappa Chi,,Participated,Cold (Chris Stapleton); Trouble (Elvis Presley); Something's Got to Give (Labrinth); All Things New (Big Daddy Weave); Power of Love (Ben Rector),https://www.youtube.com/watch?v=Ex27bhbFmP8
2023,Pi Beta Phi,Be My Girl,2nd,Take Me Out (Franz Ferdinand); Are You Gonna Be My Girl? (Jet); Ladies's Choice (From Hairspray the Musical); Material Girl (Madonna); Rumor Has It (Adele); Someone Like You (Adele); River Deep Mountain High (Tina Turner),https://www.youtube.com/watch?v=drDiUpqGM0o
2023,Sigma Alpha Epsilon,The Night Shift,Participated,Nigh Shift (Jon Pardi); Killer Queen (Queen); Crocodile Rock (Elton John); Twist and Shout (The Beatles); Hound Dog (Elvis Presley); From Now On (The Greatest Showman),https://www.youtube.com/watch?v=Z9YESoY_pMo
2023,Sigma Chi,"The Good, The Bad, and The...",Pigskin,Great Balls of Fire (Jerry Lee Lewis); Flashing Lights (Kanye West); Boot Scootin' Bougie (Brooks and Dunn); We're Not Gonna Take It (Twisted Sister); Boulevard of Broken Dreams (Green Day); Total Eclipse of the Heart (Bonnie Tyler); We Belong (Pat Benatar),https://www.youtube.com/watch?v=Pb4IWvLrudk
2023,Sing Alliance,Some Bunny's In Trouble,Pigskin,Heigh Ho (Bunny Berigan/ Dwarf's Marching Song from Disney's Snow White); Dig a Little Deeper (Sierra Nelson); Sweet Dreams (Eurthymics); Beat It (Michael Jackson); I Did Something Bad (Taylor Swift); Why Can't We Be Friends? (War); We Found Love (Rihanna & Calvin Harris),https://www.youtube.com/watch?v=cxgz573hn8A
2023,Zeta Tau Alpha,Experiment Z,3rd,"Workin' Day & Night (Michael Jackson); Monster Mash (Bobby ""Boris"" Pickett); Another One Bites the Dust (Queen); Don't Stop Believin' (Journey); Come Alive (From the Greatest Showman); Thriller (Michael Jackson); I'm In Love with a Monster (Fifth Harmony); I'm So Excited (The Pointer Sisters)",https://www.youtube.com/watch?v=iEbTi9UtfA4
2024,Alpha Chi Omega,The Show Must Go On,Pigskin,The Winner Takes It All (ABBA); Baby I'm a Star (Prince); Man I Feel like a Woman (Shania Twian); SOS (Rihanna); Girls Just Want To Have Fun (Miley Cyrus / Cyndi Lauper); I Want it All (High School Musical 3 Cast),https://www.youtube.com/watch?v=emG7i1bKiqM
2024,Alpha Delta Pi,,Participated,I Wanna Be A Lifeguard (Blotto); Surfin USA (The Beach Boys); Shark attack (John Williams); Shark attack (Surf Punks); I’m always here (Jimi Jamison); Sorry (Justin Bieber); All for one (High School Musical); Surf Crazy (Spencer Lee (Teen Beach Movie)),https://www.youtube.com/watch?v=2A5DzTkjVC0
2024,Alpha Phi,Troop 1872: Sweet as Can Phi,Participated,Better When I'm Dancin (Meghan Trainor); Wouldn't It Be Nice (The Beach Boys); Pink (Lizzo); Push it to the Limit (Corbin Bleu / High School Musical); We're All in this Together (High School Musical); Best Song Ever (One Direction); Never Say Never (Justin Bieber); We Are Never Getting Back Together (Taylor Swift),https://www.youtube.com/watch?v=A4UmJMAJGXI
2024,Alpha Tau Omega,Nothing Set In Stone,Pigskin,"Higher Ground (Stevie Wonder); Made from the Stars (Aloe Blacc); Fly As Me (Silk Sonic (Bruno Mars)); Hold On, I'm Coming (Sam and Davis); War (Edwin Starr); Get Down Tonight (KC and the Sunshine Band)",https://www.youtube.com/watch?v=a1d0noBwkTU
2024,Beta Theta Pi,Fratty-Shack,Participated,Bet On It (High School Musical); I Don't Dance (High School Musical); Don't You Want Me (Human League); Should I Stay or Should I Go (The Clash); Can't Touch This (MC Hammer); Believer (Imagine Dragons),
2024,Beta Upsilon Chi & Kappa Chi Alpha,,Participated,,https://www.youtube.com/watch?v=P7xBCI8Nq9w
2024,Chi Omega,Caught Red-Handed,2nd,House of the Rising Sun (The Animals); Rockin Robin (Jackson 5); Born to be Wild (Steppenwolf); Would I Lie to You (The Eurythmics); Hit the Road Jack (Ray Charles); Zero to Hero (Hercules Cast),https://www.youtube.com/watch?v=T9ZD2HJgLIs
2024,Delta Delta Delta,Weather or Not!,Pigskin,Reach Out I'll Be there (Gloria Gaynor); Blown Away (Carrie Underwood); Barbie Girl (Aqua); I Got the Music in Me (Kiki Dee); No More Tears (Barbra Streisand & Donna Summer),https://www.youtube.com/watch?v=fFao6Gq3dms
2024,Delta Tau Delta,,Participated,Whip It (Devo); Sexy Back (Justin Timberlake); I'm Gonna Be (Proclaimers); Push It To The Limit (Paul Engemann); Radioactive (Imagine Dragons); Hearts On Fire (John Cafferty),https://www.youtube.com/watch?v=vRhVamu_2Ps
2024,Kappa Alpha Order,,Participated,When The Saints Go Marching In (Louis Armstrong); Bourbon Street (Jeff Tuohy); Voodoo Child (Jimi Hendrix); Heads Will Roll (Yeah Yeah Yeahs); Fight For Your Right (Beastie Boys); Stay Stay Stay (Taylor Swift); Ballroom Blitz (Sweet),
2024,Kappa Alpha Theta,The Great KATsby,Pigskin,"West End Blues (Louis Armstrong); Theme from New York, New York (Frank Sinatra); Please Don't Stop the Music (Rihanna); Evacuate the Dance Floor (Casandra); Pump It (Black Eyed Peas); All of the Lights (Kanye West); Dance the Night (Dua Lipa); Sing, Sing, Sing (Benny Goodman); Uptown Girl (Billy Joel)",https://www.youtube.com/watch?v=fS1CEuJfpQk
2024,Kappa Chi Alpha & Beta Upsilon Chi,,Participated,Friends On The Other Side (Princess and The Frog Cast); Pure Imagination (Charlie and the Chocolate Factory); Another Day of Sun (La La Land); Wildest Dreams (Taylor Swift); Wonderland (Taylor Swift); Bad to the Bone (George Thoroughgood and The Destroyers); Dream On (Aerosmith); Carry on Wayward Son (Kansas),https://www.youtube.com/watch?v=P7xBCI8Nq9w
2024,Kappa Kappa Gamma & Sigma Chi,A Walk in the Park,Participated,Saturday in the Park (Chicago); I Want You To Want Me (Cheap Trick); Sir Duke (Stevie Wonder); Have You Ever Seen The Rain (Creedence Clearwater Revival); You Can't Hurry Love (The Supremes); Right Back Where We Started (Maxine Nightingale); This Will Be (An Everlasting Love) (Natalie Cole),https://www.youtube.com/watch?v=mpn5nO8A_Wg
2024,Kappa Omega Tau,Sweet Gingerbread Man,1st,Hard to Handle (Black Crows); Sweet Gingerbread Man (Sammy Davis Jr); Everybody (Backstreet Boys); Can You Feel It (The Jackson 5); Boy Are Back In Town (The Bus Boys); I Feel Better (Gotye); I Just Died In Your Arms (Cutting Crew),https://www.youtube.com/watch?v=Q81BgO4zU28
2024,Phi Gamma Delta,USS Fiji: Sailors Against the Deep,Participated,Wellerman (The Longest Johns); Help! (Beatles); Ain’t No Mountain High Enough (Marvin Gaye); Eye of the Tiger (Survivor); Safe and Sound (Capitol Cities); Brandy (You’re a Fine Girl) (Looking Glass),https://www.youtube.com/watch?v=QcasR7nuKU4
2024,Phi Kappa Chi,The Good Newsies,3rd,"Land Of 1000 Dances (Wilson Pickett); Go Tell It To The Mountian (Josh Turner); Signed, Sealed, Delivered (Stevie Wonder); Paint It Black (Rolling Stones); Tell Her About It (Billy Joel); Think (Aretha Franklin); Proud Mary (Tina Turner)",https://www.youtube.com/watch?v=m-mFBkgpe8Q
2024,Pi Beta Phi,Our State Fair,Participated,Let's Go Crazy (Prince); Misery (Maroon 5); Troublemaker (Olly Murs); Welcome To The Jungle (Guns n' Roses); You May Be Right (Billy Joel); Runaway Baby (Bruno Mars); Uptight (Everything’s Alright) (Glee Cast / Stevie Wonder),https://www.youtube.com/watch?v=9Fh-cJaiwFg
2024,Sigma Alpha Epsilon,Cold Feet,Participated,Suit and Tie (Justin Timberlake); Runaway (Bon Jovi); Sh-Boom (The Chords); Hopelessly Devoted to You (Glee Cast); Love Runs Out (OneRepublic); Midnight Sky (Miley Cyrus),https://www.youtube.com/watch?v=seNh4nC6Dyc
2024,Sing Alliance,The Buzz at the Bee,Pigskin,Counting Stars (One Republic); I Was Made For Loving You (Kiss); No Scrubs (TLC); Goodbye Stranger (Supertramp); Bad Blood (Taylor Swift); SOS (ABBA); Since You've Been Gone (Kelly Clarkson),https://www.youtube.com/watch?v=AebHYP44ozQ
2024,Tau Kappa Epsilon,Papa Tiki's Balliamo!,Pigskin,Mambo Italiano (Dean Martin); Fly Me To The Moon (Frank Sinatra); That's Amore (Dean Martin); Ave Maria (Renee Fleming / Franz Schubert); Get Cha Head In The Game (High School Musical),https://www.youtube.com/watch?v=EUV_UOs7WkQ
2024,Zeta Tau Alpha,Panic at the Disco,Participated,"The Chain (Fleetwood Mac); Boogie Wonderland (Earth, Wind, & Fire); Boogie Shoes (Glee Cast / KC & The Sunshine Band); All Night Dancin (The Jacksons); Hungry like the wolf (Duran Duran); Get Down On It (Kool & the Gang); What I like About You (The Romantics); I Wanna Dance With Somebody (Whitney Houston); The Safety Dance (Men Without Hats)",https://www.youtube.com/watch?v=GOyAfAmwty8
2025,Alpha Chi Omega,Let Them Eat Cake!,Pigskin,Jolene (Dolly Parton); Seven Nation Army (The White Stripes); Revenge Party (Mean Girls); These Boots Are Made for Walking (Nancy Sinatra); Ces Bottes Sont Faites Pour Marcher (Eileen); Edge of Glory (Lady Gaga); Maniac (Michael Sembello); Viva La Vida (Coldplay),https://www.youtube.com/watch?v=-TMdCnVAof8
2025,Alpha Delta Pi,The Diamond Salon,Participated,New Day (Alicia Keys); Kids in America (Kim Wilde); Venus (Bananarama); Please Please Please (Sabrina Carpenter); Never Gonna Give You Up (Rick Astley); Hair Up (Trolls); Hair (Lady Gaga),
2025,Alpha Phi,Escaping Ivy Manor,Participated,Mad World (Gary Jules); Break Free (Ariana Grande); The House is Haunted (Mark Almond); I'm Coming Out (Diana Ross); I Think We're Alone Now (Tiffany); Smooth Criminal (Michael Jackson); Tainted Love (Soft Cell),https://www.youtube.com/watch?v=N9JC80CGxV4
2025,Alpha Tau Omega,Underneath the Tree,2nd,Larger Than Life (Backstreet Boys); Maneater (Hall & Oates); Free Bird (Lynyrd Skynyrd); Dance Machine (The Jackson 5); The Nutcracker (Act 1: March) (London Symphony Orchestra (George Balanchine)); You Don't Mess Around With Jim (Jim Croce); Papa's Got A Brand New Bag (James Brown); Run Rudolph Run (Chuck Berry); Underneath the Tree (Kelly Clarkson),https://www.youtube.com/watch?v=UstbC_xDAyk
2025,Beta Upsilon Chi,Gone Fishin',Participated,Fishin' in the Dark (Nitty Gritty Dirt Band); Up Down (Morgan Wallen); Jesus Take the Wheel (Carrie Underwood); Shut Up and Fish (Maddy & Tay); I'm Gonna Miss Her (Brad Paisley); Careless Whisper (George Michael); All Summer Long (Kid Rock),https://www.youtube.com/watch?v=NpBWxgJDDVU
2025,Chi Omega,Back on Track,1st,Trashin' the Camp (Phil Collins); Vacation (The Go Go's); Ease on Down the Road (The Wiz); Crazy Train (Ozzy Ozborne); Move Your Feet (Junior Senior); Come So Far (Got So Far to Go) (Hairspray (movie version)),https://www.youtube.com/watch?v=MBEyLbk3AXI
2025,Delta Delta Delta,When Pigs Fly,3rd,Fame (Irene Cara); Down at the Twist and Shout (Mary Chapin Carpenter); Crazy In Love (Beyonce/Jay-Z); Does Your Mother Know (ABBA); I'm Still Standing (Taron Egerton); You Can't Stop the Beat (Glee Cast (Hairspray the Musical)); Goodbye Yellow Brick Road (Elton John),https://www.youtube.com/watch?v=V59Q8cs7XYo
2025,Delta Tau Delta,Rumble in Rome,Participated,Renegade (Styx); Bad (Michael Jackson); Livin' La Vida Loca (Ricky Martin); Abracadabra (Steve Miller Band); Cooler Than Me (Mike Posner); It Ain't Over til It's Over (Lenny Kravitz),
2025,Kappa Alpha Theta,It Takes Two,Participated,Bad Day (Daniel Powter); Me Too (Meghan Trainor); Mamma Knows Best (Jessi J); Bad Moon Rising (Creedence Clearwater Revival); Wanna Be Startin' Somethin' (Michael Jackson); Imagine (John Lennon); It Takes Two (Rob Base & DJ EZ Rock); I'm Alright (Kenny Loggins),https://www.youtube.com/watch?v=grpjISE9Fzw
2025,Kappa Kappa Gamma,Sweet Letter O' Mine,Pigskin,Please Mr. Postman (The Marvelettes); Sweet Child O' Mine (Guns n' Roses); Hard Times (Paramore); I Want It That Way (Backstreet Boys); Don't You Worry 'Bout a Thing (Tori Kelly); It's Raining Men (The Weather Girls),https://www.youtube.com/watch?v=MSz3xDygI7s
2025,Kappa Omega Tau,Night at the Exhibit,Pigskin,It's Your Thing (Isley Brothers); Go the Distance (Vanderbilt Melodores); Jailhouse Rock (Elvis Presley); Can't Always Get What You Want (The Rolling Stones); Soul Man (Sam and Dave); How You Like Me Now (The Heavy); Wiegenlied Op. 49 No. 4 (Johannes Brahms),https://www.youtube.com/watch?v=q7netmzE448
2025,Kappa Sigma,Back in Black,Participated,Mr. Blue Sky (Electric Light Orchestra); Somebody's Watching Me (Rockwell); Intergalactic (Beastie Boys); 25 or 6 or 4 (Chicago); Come Together (The Beatles); The Boys are Back in Town (Thin Lizzy),https://www.youtube.com/watch?v=RrkLRnXvhzE
2025,Phi Gamma Delta,Friendships Bring Color to Life,Participated,Money (Pink Floyd); One (Three Dog Night); True Colors (Marina and the Diamonds); We're Going to Be Friends (The White Stripes); Shout (Tears for Fears); The Middle (Jimmy Eat World); Don't You Worry Child (Swedish House Mafia),https://www.youtube.com/watch?v=xKgyk3jboBQ
2025,Pi Beta Phi & Phi Kappa Chi,That's Life!,Pigskin,That's Life (Frank Sinatra); All Shook Up (Elvis Presley); Wings (Glee Cast (Little Mix)); It's My Life (Bon Jovi); Go Your Own Way (Fleetwood Mac); Lead Me On (Chandler Moore); For Once in My Life (Stevie Wonder); Faith (Stevie Wonder & Ariana Grande); Gimme Some Lovin' (Blues Brothers),https://www.youtube.com/watch?v=R-P3QY-PZnk
2025,Sigma Chi,Careful What You Wish For,Participated,"Freedom (Pharrell Williams); Can't Take My Eyes Off of You (Frankie Valle); Money (That's What I Want) (Barrett Strong); Good Tonight (Daniel Pemberton); Oogie Boogie Song (Ed Ivory, Ken Page); The Other Side of Hollywood (Julie and the Phantoms Cast); Toxic (Britney Spears); Magic Carpet Ride (Steppenwolf)",https://www.youtube.com/watch?v=zop7FDWx_Lk
2025,Sing Alliance,It's All in the Cards,Participated,"The Greatest Show (The Greatest Showman); Do You Believe in Magic? (The Lovin' Spoonful); Party Rock Anthem (LMFAO, Lauren Bennett, Goon Rock); You Shook Me All Night Long (AC/DC); Baby One More Time (Britney Spears); Beggin' (Maneskin); I Still Haven't Found What I'm Lookin' For (U2); You're the One That I Want (Grease (John Travolta, Olivia Newton John)); It's Gonna Be Me (*NSYNC)",https://www.youtube.com/watch?v=oKAO2WK-qYI
2025,Tau Kappa Epsilon,Sing for the Fences!,Participated,Running Down a Dream (Tom Petty); School's Out (Alice Cooper); Centerfield (John Fogerty); Feels Like the First Time (Foreigner); (Don't Fear) The Reaper (Blue Oyster Cult); Green Onions (Booker T. & the MGs); Playing With the Boys (Kenny Loggins),https://www.youtube.com/watch?v=aNU6yv1j5sU
2025,Zeta Tau Alpha,Music Box Breakout,Pigskin,There's No Business Like Show Business (Ethel Merman (Annie Get Your Gun Musical)); Say a Little Prayer for You (Tori Kelly); You Keep Me Hangin' On (Kim Wilde (The Supremes)); Mother Knows Best (Donna Murphy (Tangled soundtrack)); Set Fire to the Rain (Adele); Freedom (Beyonce); Dancing With Myself (Billy Idol),https://www.youtube.com/watch?v=_iFTkFelZCY
2026,Alpha Chi Omega,Catch Her If You Can,Pigskin,,
2026,Alpha Delta Pi,Flight 1851,Participated,,
2026,Alpha Phi,No Strings Attached,Participated,Don't Stop 'til You Get Enough; Valerie; Blue Suede Shoes,https://www.youtube.com/watch?v=eIT8ehmzN3s
2026,Beta Upsilon Chi,Grill of Rights,1st,It's the Hard-Knock Life,https://www.youtube.com/watch?v=SZDV7DwYAB0
2026,Chi Omega & Alpha Tau Omega,Careful What You Witch For,Pigskin,Witchy Woman; Disturbia; Wake Me Up Before You Go Go; Little Less Conversation; Treasure; Blame it on the Boogie,https://www.youtube.com/watch?v=2pO4GQP9_fg
2026,Delta Delta Delta,When A Mouse Eats A Cookie,3rd,Just Can't Get Enough; Cell Block Tango; Freak Out,https://www.youtube.com/watch?v=1l_4Hj-6rqg
2026,Delta Tau Delta,Model Citizens,Participated,Poker Face; Poison,
2026,Kappa Alpha Order,Baylor's First Dance,Participated,Smells Like Teen Spirit; Iris,
2026,Kappa Alpha Theta,London's Calling,Participated,,https://www.youtube.com/watch?v=NM1vi7xdmqM
2026,Kappa Chi Alpha & Beta Theta Pi,Hollywood Breakdown,Participated,Popular; Applause; Fabulous,https://www.youtube.com/watch?v=DLq5Ud6y3Bo
2026,Kappa Kappa Gamma,Together We Can!,Pigskin,,
2026,Kappa Omega Tau,Banker's Paradise,Participated,,
2026,Kappa Sigma,So Fresh So Clean,Participated,,https://www.youtube.com/watch?v=aIwoK3vBdOc
2026,Phi Kappa Chi,Cold as Ice!,2nd,Let It Snow; Hot in Herre,https://www.youtube.com/watch?v=8EARtQSQGoY
2026,Pi Beta Phi,Out of the Box,Pigskin,Somebody to Love; Candyman; Nicest Kids in Town; P.Y.T; Shake Your Groove Thing; Hit Me with Your Best Shot; Smooth Operator; Lets Here it for the Boy,https://www.youtube.com/watch?v=DLq5Ud6y3Bo
2026,Sigma Alpha Epsilon,Bear-ly Made It,Participated,,
2026,Sing Alliance,Psst…I See Dead People,Participated,Calling All The Monsters; Ain't It Fun; Not Like Us,
2026,Zeta Tau Alpha & Sigma Chi,The Love Show,Participated,,
